Place,Pseudo,Parties,Victoires,ITM,% ITM,Recaves,Recaves en €,Bulles,Buy in,Frais,Gains,Bénéfices
0,WINAMAX,2,0,0,0%,0,0.0,0,0.0,0.0,17.0,17.0
1,Maitre Mat,1,0,1,100%,0,0.0,0,10.0,10.0,29.7,19.7
2,Bisat,2,1,1,50%,1,10.0,0,20.0,30.0,49.5,19.5
3,Krazy Kat,2,1,1,50%,0,0.0,0,20.0,20.0,35.1,15.100000000000001
4,Luckystefy,1,0,1,100%,1,10.0,0,10.0,20.0,19.8,-0.1999999999999993
5,Nolimythe,2,0,1,50%,0,0.0,1,20.0,20.0,18.9,-1.1000000000000014
6,123CYRILLE,2,0,0,0%,0,0.0,1,20.0,20.0,0.0,-20.0
7,shark feeder,2,0,0,0%,0,0.0,0,20.0,20.0,0.0,-20.0
8,odrAAdeKK,2,0,0,0%,1,10.0,0,20.0,30.0,0.0,-30.0
