Place,Pseudo,Parties,Victoires,ITM,% ITM,Recaves,Recaves en €,Bulles,Buy in,Frais,Gains,Bénéfices
0,WINAMAX,3,0,0,0%,0,0.0,0,0.0,0.0,25.0,25.0
1,Nolimythe,3,1,2,67%,0,0.0,1,30.0,30.0,65.69999999999999,35.69999999999999
2,Bisat,3,1,2,67%,1,10.0,0,30.0,40.0,74.7,34.7
3,Maitre Mat,2,0,1,50%,0,0.0,0,20.0,20.0,29.7,9.7
4,Luckystefy,1,0,1,100%,1,10.0,0,10.0,20.0,19.8,-0.1999999999999993
5,Krazy Kat,3,1,1,33%,1,10.0,0,30.0,40.0,35.1,-4.899999999999999
6,123CYRILLE,3,0,0,0%,0,0.0,1,30.0,30.0,0.0,-30.0
7,shark feeder,3,0,0,0%,0,0.0,1,30.0,30.0,0.0,-30.0
8,odrAAdeKK,3,0,0,0%,1,10.0,0,30.0,40.0,0.0,-40.0
